data_model,cache_kind,sequence_length,transform_path,requested_retention_ratio,samples,retained_components_mean,retained_components_std,total_components_mean,total_components_std,actual_component_fraction_mean,actual_component_fraction_std,selected_frequency_energy_retention_mean,selected_frequency_energy_retention_std,reconstruction_energy_retention_mean,reconstruction_energy_retention_std,reported_energy_retention_mean,reported_energy_retention_std,reconstruction_relative_mse_mean,reconstruction_relative_mse_std,reconstruction_mse_mean,reconstruction_mse_std
historical_gaussian_rope_like,K,128,dct_ii_ortho,0.1,5,12,0,128,0,0.09375,0,0.0922345807375,0.00108218984137,0.0922345807375,0.00108218984137,0.0922345807375,0.00108218984137,0.907765419263,0.00108218984137,0.901337595159,0.00577307160213
historical_gaussian_rope_like,K,128,dct_ii_ortho,0.25,5,32,0,128,0,0.25,0,0.249341864686,0.00185656045072,0.249341864686,0.00185656045072,0.249341864686,0.00185656045072,0.750658135314,0.00185656045072,0.745349420519,0.00593944743278
historical_gaussian_rope_like,K,128,dct_ii_ortho,0.3,5,38,0,128,0,0.296875,0,0.296749098423,0.00239662394702,0.296749098423,0.00239662394702,0.296749098423,0.00239662394702,0.703250901577,0.00239662394702,0.698274663042,0.00545512773576
historical_gaussian_rope_like,K,128,dct_ii_ortho,0.5,5,64,0,128,0,0.5,0,0.499122893993,0.00105503022352,0.499122893993,0.00105503022352,0.499122893993,0.00105503022352,0.500877106007,0.00105503022352,0.497331971769,0.00351697374633
historical_gaussian_rope_like,K,128,dct_ii_ortho,0.7,5,89,0,128,0,0.6953125,0,0.69660175094,0.00298912437924,0.69660175094,0.00298912437924,0.69660175094,0.00298912437924,0.30339824906,0.00298912437924,0.301257353401,0.00409030464607
historical_gaussian_rope_like,K,128,dct_ii_ortho,0.75,5,96,0,128,0,0.75,0,0.751639955036,0.00223064080924,0.751639955036,0.00223064080924,0.751639955036,0.00223064080924,0.248360044964,0.00223064080924,0.246606304615,0.00310322287794
historical_gaussian_rope_like,K,128,dct_ii_ortho,0.9,5,115,0,128,0,0.8984375,0,0.898413177647,0.00205096227274,0.898413177647,0.00205096227274,0.898413177647,0.00205096227274,0.101586822353,0.00205096227274,0.100859171291,0.00169741163326
historical_gaussian_rope_like,K,128,rfft_drop_imag_historical,0.1,5,6,0,65,0,0.0923076923077,0,0.0848252300047,0.000993010296829,0.0463390507703,0.000443726871,0.053343350333,0.000473324961583,0.95366094923,0.000443726871,0.946911529595,0.00648357588136
historical_gaussian_rope_like,K,128,rfft_drop_imag_historical,0.25,5,16,0,65,0,0.246153846154,0,0.241530319443,0.00187439831537,0.124906909076,0.00158593607387,0.130701101779,0.00188571299545,0.875093090924,0.00158593607387,0.868906143061,0.0069914351996
historical_gaussian_rope_like,K,128,rfft_drop_imag_historical,0.3,5,19,0,65,0,0.292307692308,0,0.288666027408,0.00200869961863,0.148919711261,0.00156682039923,0.154343893963,0.00208059784857,0.851080288739,0.00156682039923,0.845057856234,0.00612272338222
historical_gaussian_rope_like,K,128,rfft_drop_imag_historical,0.5,5,32,0,65,0,0.492307692308,0,0.491106563787,0.00104215286142,0.249078319009,0.00167225965091,0.252959042177,0.00222870702793,0.750921680991,0.00167225965091,0.745608196732,0.00550461019797
historical_gaussian_rope_like,K,128,rfft_drop_imag_historical,0.7,5,45,0,65,0,0.692307692308,0,0.69616304746,0.00252951438152,0.350634707277,0.0015944358118,0.352951140906,0.00190305263205,0.649365292723,0.0015944358118,0.644765246942,0.00405396486084
historical_gaussian_rope_like,K,128,rfft_drop_imag_historical,0.75,5,48,0,65,0,0.738461538462,0,0.743010402732,0.0022504105416,0.373878613365,0.000921281035445,0.375836896214,0.00115912493064,0.626121386635,0.000921281035445,0.621688176897,0.00405905740109
historical_gaussian_rope_like,K,128,rfft_drop_imag_historical,0.9,5,58,0,65,0,0.892307692308,0,0.89789616866,0.00235083049516,0.452230521213,0.00327468060933,0.452982863063,0.00343729526803,0.547769478787,0.00327468060933,0.543875410087,0.00237399642258
historical_gaussian_rope_like,K,128,rfft_parseval,0.1,5,6,0,65,0,0.0923076923077,0,0.0848252300047,0.000993010296829,0.0848252300047,0.000993010296829,0.0848252300047,0.000993010296829,0.915174769995,0.000993010296829,0.908695251748,0.00592195115742
historical_gaussian_rope_like,K,128,rfft_parseval,0.25,5,16,0,65,0,0.246153846154,0,0.241530319443,0.00187439831537,0.241530319443,0.00187439831537,0.241530319443,0.00187439831537,0.758469680557,0.00187439831537,0.753104664319,0.00586703903022
historical_gaussian_rope_like,K,128,rfft_parseval,0.3,5,19,0,65,0,0.292307692308,0,0.288666027408,0.00200869961863,0.288666027408,0.00200869961863,0.288666027408,0.00200869961863,0.711333972592,0.00200869961863,0.706303475943,0.00572532193816
historical_gaussian_rope_like,K,128,rfft_parseval,0.5,5,32,0,65,0,0.492307692308,0,0.491106563787,0.00104215286142,0.491106563787,0.00104215286142,0.491106563787,0.00104215286142,0.508893436213,0.00104215286142,0.505290006308,0.00333839492725
historical_gaussian_rope_like,K,128,rfft_parseval,0.7,5,45,0,65,0,0.692307692308,0,0.69616304746,0.00252951438152,0.69616304746,0.00252951438152,0.69616304746,0.00252951438152,0.30383695254,0.00252951438152,0.30169175367,0.00368010040545
historical_gaussian_rope_like,K,128,rfft_parseval,0.75,5,48,0,65,0,0.738461538462,0,0.743010402732,0.0022504105416,0.743010402732,0.0022504105416,0.743010402732,0.0022504105416,0.256989597268,0.0022504105416,0.255177353316,0.00335931374453
historical_gaussian_rope_like,K,128,rfft_parseval,0.9,5,58,0,65,0,0.892307692308,0,0.89789616866,0.00235083049516,0.89789616866,0.00235083049516,0.89789616866,0.00235083049516,0.10210383134,0.00235083049516,0.10137127036,0.00198270468923
historical_gaussian_rope_like,K,32,dct_ii_ortho,0.1,5,3,0,32,0,0.09375,0,0.0944929323491,0.00346021153718,0.0944929323491,0.00346021153718,0.0944929323491,0.00346021153718,0.905507067651,0.00346021153718,0.902595229084,0.00949376621172
historical_gaussian_rope_like,K,32,dct_ii_ortho,0.25,5,8,0,32,0,0.25,0,0.254622121448,0.00553391689882,0.254622121448,0.00553391689882,0.254622121448,0.00553391689882,0.745377878552,0.00553391689882,0.742985153905,0.00947887753983
historical_gaussian_rope_like,K,32,dct_ii_ortho,0.3,5,9,0,32,0,0.28125,0,0.286814143663,0.00489948605172,0.286814143663,0.00489948605172,0.286814143663,0.00489948605172,0.713185856337,0.00489948605172,0.710906796142,0.00963969262418
historical_gaussian_rope_like,K,32,dct_ii_ortho,0.5,5,16,0,32,0,0.5,0,0.501512360003,0.00903060513805,0.501512360003,0.00903060513805,0.501512360003,0.00903060513805,0.498487639997,0.00903060513805,0.496897547387,0.0108501968784
historical_gaussian_rope_like,K,32,dct_ii_ortho,0.7,5,22,0,32,0,0.6875,0,0.69052898111,0.00620924365484,0.69052898111,0.00620924365484,0.69052898111,0.00620924365484,0.30947101889,0.00620924365484,0.308509656228,0.00829288425623
historical_gaussian_rope_like,K,32,dct_ii_ortho,0.75,5,24,0,32,0,0.75,0,0.755778348933,0.00346046492262,0.755778348933,0.00346046492262,0.755778348933,0.00346046492262,0.244221651067,0.00346046492262,0.243445660887,0.00471182615427
historical_gaussian_rope_like,K,32,dct_ii_ortho,0.9,5,28,0,32,0,0.875,0,0.876885546099,0.00187425892854,0.876885546099,0.00187425892854,0.876885546099,0.00187425892854,0.123114453901,0.00187425892854,0.122710835129,0.00174641479661
historical_gaussian_rope_like,K,32,rfft_drop_imag_historical,0.1,5,1,0,17,0,0.0588235294118,0,0.0320984729116,0.00290828737978,0.0320984729116,0.00290828737978,0.0603538176082,0.0054357979696,0.967901527088,0.00290828737978,0.964774751106,0.00833908444964
historical_gaussian_rope_like,K,32,rfft_drop_imag_historical,0.25,5,4,0,17,0,0.235294117647,0,0.222784536271,0.00637010412598,0.128846334848,0.00577629934231,0.151321230145,0.00456361424866,0.871153665152,0.00577629934231,0.868370752686,0.0117470379752
historical_gaussian_rope_like,K,32,rfft_drop_imag_historical,0.3,5,5,0,17,0,0.294117647059,0,0.286703511347,0.00518202184565,0.161394047763,0.00633633057395,0.181922858876,0.00504109276558,0.838605952237,0.00633633057395,0.83593400342,0.0121979085776
historical_gaussian_rope_like,K,32,rfft_drop_imag_historical,0.5,5,8,0,17,0,0.470588235294,0,0.471020857796,0.0102980921543,0.254024440757,0.00884839346195,0.269014036223,0.00676412158281,0.745975559243,0.00884839346195,0.743603412419,0.0130835101576
historical_gaussian_rope_like,K,32,rfft_drop_imag_historical,0.7,5,11,0,17,0,0.647058823529,0,0.657443534288,0.00770425432303,0.348014854473,0.00808477562327,0.357381993405,0.00692540234442,0.651985145527,0.00808477562327,0.64992841681,0.0125733545509
historical_gaussian_rope_like,K,32,rfft_drop_imag_historical,0.75,5,12,0,17,0,0.705882352941,0,0.722911785354,0.00610250430504,0.380967253703,0.00725116721093,0.388362018847,0.00643606274708,0.619032746297,0.00725116721093,0.617075851578,0.011452056739
historical_gaussian_rope_like,K,32,rfft_drop_imag_historical,0.9,5,15,0,17,0,0.882352941176,1.11022302463e-16,0.905236068979,0.00237927682503,0.471006189087,0.00643538967087,0.473010693905,0.00587845403534,0.528993810913,0.00643538967087,0.527294048736,0.0083455626534
historical_gaussian_rope_like,K,32,rfft_parseval,0.1,5,1,0,17,0,0.0588235294118,0,0.0320984729116,0.00290828737978,0.0320984729116,0.00290828737978,0.0320984729116,0.00290828737978,0.967901527088,0.00290828737978,0.964774751106,0.00833908444964
historical_gaussian_rope_like,K,32,rfft_parseval,0.25,5,4,0,17,0,0.235294117647,0,0.222784536271,0.00637010412598,0.222784536271,0.00637010412598,0.222784536271,0.00637010412598,0.777215463729,0.00637010412598,0.774736805029,0.0114197784273
historical_gaussian_rope_like,K,32,rfft_parseval,0.3,5,5,0,17,0,0.294117647059,0,0.286703511347,0.00518202184565,0.286703511347,0.00518202184565,0.286703511347,0.00518202184565,0.713296488653,0.00518202184565,0.711012906003,0.00947172411551
historical_gaussian_rope_like,K,32,rfft_parseval,0.5,5,8,0,17,0,0.470588235294,0,0.471020857796,0.0102980921543,0.471020857796,0.0102980921543,0.471020857796,0.0102980921543,0.528979142204,0.0102980921543,0.527294049114,0.0122065563572
historical_gaussian_rope_like,K,32,rfft_parseval,0.7,5,11,0,17,0,0.647058823529,0,0.657443534288,0.00770425432303,0.657443534288,0.00770425432303,0.657443534288,0.00770425432303,0.342556465712,0.00770425432303,0.341489746355,0.00971705493813
historical_gaussian_rope_like,K,32,rfft_parseval,0.75,5,12,0,17,0,0.705882352941,0,0.722911785354,0.00610250430504,0.722911785354,0.00610250430504,0.722911785354,0.00610250430504,0.277088214646,0.00610250430504,0.276222799449,0.00765917605695
historical_gaussian_rope_like,K,32,rfft_parseval,0.9,5,15,0,17,0,0.882352941176,1.11022302463e-16,0.905236068979,0.00237927682503,0.905236068979,0.00237927682503,0.905236068979,0.00237927682503,0.0947639310214,0.00237927682503,0.0944495551398,0.00215158140223
historical_gaussian_rope_like,K,64,dct_ii_ortho,0.1,5,6,0,64,0,0.09375,0,0.0940884610434,0.00201764813233,0.0940884610434,0.00201764813233,0.0940884610434,0.00201764813233,0.905911538957,0.00201764813233,0.900921294065,0.0050000880246
historical_gaussian_rope_like,K,64,dct_ii_ortho,0.25,5,16,0,64,0,0.25,0,0.250672296147,0.0033841419517,0.250672296147,0.0033841419517,0.250672296147,0.0033841419517,0.749327703853,0.0033841419517,0.745210363508,0.00641315878684
historical_gaussian_rope_like,K,64,dct_ii_ortho,0.3,5,19,0,64,0,0.296875,0,0.297817868241,0.0041535341982,0.297817868241,0.0041535341982,0.297817868241,0.0041535341982,0.702182131759,0.0041535341982,0.698326429125,0.006841835003
historical_gaussian_rope_like,K,64,dct_ii_ortho,0.5,5,32,0,64,0,0.5,0,0.498636436796,0.0038986661949,0.498636436796,0.0038986661949,0.498636436796,0.0038986661949,0.501363563204,0.0038986661949,0.498615751373,0.00594861696493
historical_gaussian_rope_like,K,64,dct_ii_ortho,0.7,5,44,0,64,0,0.6875,0,0.688908365362,0.00299510679729,0.688908365362,0.00299510679729,0.688908365362,0.00299510679729,0.311091634638,0.00299510679729,0.309384591481,0.00392927348557
historical_gaussian_rope_like,K,64,dct_ii_ortho,0.75,5,48,0,64,0,0.75,0,0.752138151943,0.00148911057488,0.752138151943,0.00148911057488,0.752138151943,0.00148911057488,0.247861848057,0.00148911057488,0.24649913709,0.00225593952162
historical_gaussian_rope_like,K,64,dct_ii_ortho,0.9,5,57,0,64,0,0.890625,0,0.889666520736,0.00305570593059,0.889666520736,0.00305570593059,0.889666520736,0.00305570593059,0.110333479264,0.00305570593059,0.1097242051,0.00303026290543
historical_gaussian_rope_like,K,64,rfft_drop_imag_historical,0.1,5,3,0,33,0,0.0909090909091,0,0.0797250656136,0.00184171818469,0.0487911206048,0.000926471039467,0.062896627784,0.00176474184643,0.951208879395,0.000926471039467,0.945965093482,0.00404122765643
historical_gaussian_rope_like,K,64,rfft_drop_imag_historical,0.25,5,8,0,33,0,0.242424242424,0,0.236076881917,0.00319025525428,0.128248529051,0.00296291692142,0.139922162709,0.00318850786658,0.871751470949,0.00296291692142,0.866953145529,0.00588572761688
historical_gaussian_rope_like,K,64,rfft_drop_imag_historical,0.3,5,9,0,33,0,0.272727272727,0,0.267006652098,0.00336547179907,0.143645172156,0.00269985415723,0.154847306638,0.00291387000465,0.856354827844,0.00269985415723,0.851640879857,0.00562350669275
historical_gaussian_rope_like,K,64,rfft_drop_imag_historical,0.5,5,16,0,33,0,0.484848484848,0,0.483752606943,0.00393635275436,0.250909108854,0.00360477732776,0.258825597511,0.00430647160024,0.749090891146,0.00360477732776,0.74497216868,0.0062170375125
historical_gaussian_rope_like,K,64,rfft_drop_imag_historical,0.7,5,23,0,33,0,0.69696969697,0,0.704909612166,0.00276972003935,0.360467313114,0.00575579870355,0.365026056611,0.00634307785235,0.639532686886,0.00575579870355,0.63600114639,0.00565955885369
historical_gaussian_rope_like,K,64,rfft_drop_imag_historical,0.75,5,24,0,33,0,0.727272727273,0,0.736937960097,0.00210781104821,0.376256107486,0.00538070268295,0.380331681684,0.00594576679175,0.623743892514,0.00538070268295,0.620299500493,0.00528221289066
historical_gaussian_rope_like,K,64,rfft_drop_imag_historical,0.9,5,29,0,33,0,0.878787878788,1.11022302463e-16,0.889977598916,0.00253956178943,0.452907988466,0.00517360857623,0.45463759325,0.00538537603983,0.547092011534,0.00517360857623,0.544067815468,0.00474909564203
historical_gaussian_rope_like,K,64,rfft_parseval,0.1,5,3,0,33,0,0.0909090909091,0,0.0797250656136,0.00184171818469,0.0797250656136,0.00184171818469,0.0797250656136,0.00184171818469,0.920274934386,0.00184171818469,0.915205196937,0.0049314748083
historical_gaussian_rope_like,K,64,rfft_parseval,0.25,5,8,0,33,0,0.242424242424,0,0.236076881917,0.00319025525428,0.236076881917,0.00319025525428,0.236076881917,0.00319025525428,0.763923118083,0.00319025525428,0.759724600078,0.00629113155652
historical_gaussian_rope_like,K,64,rfft_parseval,0.3,5,9,0,33,0,0.272727272727,0,0.267006652098,0.00336547179907,0.267006652098,0.00336547179907,0.267006652098,0.00336547179907,0.732993347902,0.00336547179907,0.728968004522,0.0065587715744
historical_gaussian_rope_like,K,64,rfft_parseval,0.5,5,16,0,33,0,0.484848484848,0,0.483752606943,0.00393635275436,0.483752606943,0.00393635275436,0.483752606943,0.00393635275436,0.516247393057,0.00393635275436,0.513417520199,0.00603488972123
historical_gaussian_rope_like,K,64,rfft_parseval,0.7,5,23,0,33,0,0.69696969697,0,0.704909612166,0.00276972003935,0.704909612166,0.00276972003935,0.704909612166,0.00276972003935,0.295090387834,0.00276972003935,0.293468548233,0.00346114562216
historical_gaussian_rope_like,K,64,rfft_parseval,0.75,5,24,0,33,0,0.727272727273,0,0.736937960097,0.00210781104821,0.736937960097,0.00210781104821,0.736937960097,0.00210781104821,0.263062039903,0.00210781104821,0.261617437324,0.00291861319234
historical_gaussian_rope_like,K,64,rfft_parseval,0.9,5,29,0,33,0,0.878787878788,1.11022302463e-16,0.889977598916,0.00253956178943,0.889977598916,0.00253956178943,0.889977598916,0.00253956178943,0.110022401084,0.00253956178943,0.109418665562,0.00267705127702
historical_gaussian_rope_like,V,128,dct_ii_ortho,0.1,5,12,0,128,0,0.09375,0,0.0949335659858,0.0023186621466,0.0949335659858,0.0023186621466,0.0949335659858,0.0023186621466,0.905066434014,0.0023186621466,0.903813488447,0.00403296124522
historical_gaussian_rope_like,V,128,dct_ii_ortho,0.25,5,32,0,128,0,0.25,0,0.249719676056,0.00192401841042,0.249719676056,0.00192401841042,0.249719676056,0.00192401841042,0.750280323944,0.00192401841042,0.74923980402,0.00289911841043
historical_gaussian_rope_like,V,128,dct_ii_ortho,0.3,5,38,0,128,0,0.296875,0,0.295771762481,0.00101984867592,0.295771762481,0.00101984867592,0.295771762481,0.00101984867592,0.704228237519,0.00101984867592,0.703254234141,0.00298264807843
historical_gaussian_rope_like,V,128,dct_ii_ortho,0.5,5,64,0,128,0,0.5,0,0.498820288314,0.00318063949985,0.498820288314,0.00318063949985,0.498820288314,0.00318063949985,0.501179711686,0.00318063949985,0.50049970728,0.00520943460486
historical_gaussian_rope_like,V,128,dct_ii_ortho,0.7,5,89,0,128,0,0.6953125,0,0.695059406971,0.0028155595874,0.695059406971,0.0028155595874,0.695059406971,0.0028155595874,0.304940593029,0.0028155595874,0.304533589656,0.00426990031639
historical_gaussian_rope_like,V,128,dct_ii_ortho,0.75,5,96,0,128,0,0.75,0,0.749946729046,0.00371979362026,0.749946729046,0.00371979362026,0.749946729046,0.00371979362026,0.250053270954,0.00371979362026,0.249726662912,0.00492190852979
historical_gaussian_rope_like,V,128,dct_ii_ortho,0.9,5,115,0,128,0,0.8984375,0,0.897337880739,0.00230318336453,0.897337880739,0.00230318336453,0.897337880739,0.00230318336453,0.102662119261,0.00230318336453,0.102531956161,0.00279117662812
historical_gaussian_rope_like,V,128,rfft_drop_imag_historical,0.1,5,6,0,65,0,0.0923076923077,0,0.0868850881389,0.00230787731697,0.047490411956,0.000755272254888,0.0543292581739,0.00101356283002,0.952509588044,0.000755272254888,0.951198033393,0.00509992159981
historical_gaussian_rope_like,V,128,rfft_drop_imag_historical,0.25,5,16,0,65,0,0.246153846154,0,0.242242970633,0.00247926289869,0.125877798016,0.00133403858647,0.131554467875,0.00156657479466,0.874122201984,0.00133403858647,0.872914219249,0.00395325112673
historical_gaussian_rope_like,V,128,rfft_drop_imag_historical,0.3,5,19,0,65,0,0.292307692308,0,0.28860784201,0.00114801408004,0.14893016551,0.000694981587819,0.154264976813,0.00083580098005,0.85106983449,0.000694981587819,0.849895595549,0.00410020820615
historical_gaussian_rope_like,V,128,rfft_drop_imag_historical,0.5,5,32,0,65,0,0.492307692308,0,0.491018212796,0.0030501922489,0.250864327089,0.00277353567861,0.254687963,0.00248387839244,0.749135672911,0.00277353567861,0.748104616747,0.00491607329668
historical_gaussian_rope_like,V,128,rfft_drop_imag_historical,0.7,5,45,0,65,0,0.692307692308,0,0.694811452669,0.00261890325632,0.352656546821,0.00290371511898,0.35497091048,0.00271463038293,0.647343453179,0.00290371511898,0.646451092304,0.00435229244255
historical_gaussian_rope_like,V,128,rfft_drop_imag_historical,0.75,5,48,0,65,0,0.738461538462,0,0.742211013842,0.00413870527299,0.377028526571,0.00360032928978,0.378981572115,0.00340630802132,0.622971473429,0.00360032928978,0.62211767244,0.0053718243923
historical_gaussian_rope_like,V,128,rfft_drop_imag_historical,0.9,5,58,0,65,0,0.892307692308,0,0.897406870426,0.00219139400798,0.455305870158,0.00352545500908,0.456098507784,0.00348838026349,0.544694129842,0.00352545500908,0.543940297701,0.00407957859733
historical_gaussian_rope_like,V,128,rfft_parseval,0.1,5,6,0,65,0,0.0923076923077,0,0.0868850881389,0.00230787731697,0.0868850881389,0.00230787731697,0.0868850881389,0.00230787731697,0.913114911861,0.00230787731697,0.911851864945,0.00427726383876
historical_gaussian_rope_like,V,128,rfft_parseval,0.25,5,16,0,65,0,0.246153846154,0,0.242242970633,0.00247926289869,0.242242970633,0.00247926289869,0.242242970633,0.00247926289869,0.757757029367,0.00247926289869,0.756702670791,0.0023870146174
historical_gaussian_rope_like,V,128,rfft_parseval,0.3,5,19,0,65,0,0.292307692308,0,0.28860784201,0.00114801408004,0.28860784201,0.00114801408004,0.28860784201,0.00114801408004,0.71139215799,0.00114801408004,0.710407151551,0.00279077171973
historical_gaussian_rope_like,V,128,rfft_parseval,0.5,5,32,0,65,0,0.492307692308,0,0.491018212796,0.0030501922489,0.491018212796,0.0030501922489,0.491018212796,0.0030501922489,0.508981787204,0.0030501922489,0.508289936308,0.00506065100185
historical_gaussian_rope_like,V,128,rfft_parseval,0.7,5,45,0,65,0,0.692307692308,0,0.694811452669,0.00261890325632,0.694811452669,0.00261890325632,0.694811452669,0.00261890325632,0.305188547331,0.00261890325632,0.304779819616,0.00404439450584
historical_gaussian_rope_like,V,128,rfft_parseval,0.75,5,48,0,65,0,0.738461538462,0,0.742211013842,0.00413870527299,0.742211013842,0.00413870527299,0.742211013842,0.00413870527299,0.257788986158,0.00413870527299,0.257453737813,0.00537362022147
historical_gaussian_rope_like,V,128,rfft_parseval,0.9,5,58,0,65,0,0.892307692308,0,0.897406870426,0.00219139400798,0.897406870426,0.00219139400798,0.897406870426,0.00219139400798,0.102593129574,0.00219139400798,0.102461093913,0.00262825637631
historical_gaussian_rope_like,V,32,dct_ii_ortho,0.1,5,3,0,32,0,0.09375,0,0.0933409312081,0.00487361615355,0.0933409312081,0.00487361615355,0.0933409312081,0.00487361615355,0.906659068792,0.00487361615355,0.899651426315,0.0176502076389
historical_gaussian_rope_like,V,32,dct_ii_ortho,0.25,5,8,0,32,0,0.25,0,0.244507920978,0.00866470387979,0.244507920978,0.00866470387979,0.244507920978,0.00866470387979,0.755492079022,0.00866470387979,0.749710147613,0.0189253299771
historical_gaussian_rope_like,V,32,dct_ii_ortho,0.3,5,9,0,32,0,0.28125,0,0.275693547462,0.00965839022938,0.275693547462,0.00965839022938,0.275693547462,0.00965839022938,0.724306452538,0.00965839022938,0.718781488934,0.0194654795268
historical_gaussian_rope_like,V,32,dct_ii_ortho,0.5,5,16,0,32,0,0.5,0,0.496793824671,0.0100363354144,0.496793824671,0.0100363354144,0.496793824671,0.0100363354144,0.503206175329,0.0100363354144,0.49940742275,0.016662713837
historical_gaussian_rope_like,V,32,dct_ii_ortho,0.7,5,22,0,32,0,0.6875,0,0.689157420697,0.0068344538888,0.689157420697,0.0068344538888,0.689157420697,0.0068344538888,0.310842579303,0.0068344538888,0.308508710365,0.0110567884293
historical_gaussian_rope_like,V,32,dct_ii_ortho,0.75,5,24,0,32,0,0.75,0,0.751439426885,0.00690609379438,0.751439426885,0.00690609379438,0.751439426885,0.00690609379438,0.248560573115,0.00690609379438,0.246680247268,0.00938100192246
historical_gaussian_rope_like,V,32,dct_ii_ortho,0.9,5,28,0,32,0,0.875,0,0.874192521164,0.00553058157568,0.874192521164,0.00553058157568,0.874192521164,0.00553058157568,0.125807478836,0.00553058157568,0.124885049515,0.00691542734881
historical_gaussian_rope_like,V,32,rfft_drop_imag_historical,0.1,5,1,0,17,0,0.0588235294118,0,0.0316675729639,0.00189098890149,0.0316675729639,0.00189098890149,0.0595411229334,0.00353983789468,0.968332427036,0.00189098890149,0.960808540517,0.0160232761916
historical_gaussian_rope_like,V,32,rfft_drop_imag_historical,0.25,5,4,0,17,0,0.235294117647,0,0.214217139308,0.00491508684118,0.12265003507,0.00470732408163,0.145075918416,0.00612382142694,0.87734996493,0.00470732408163,0.870562791341,0.0167559897572
historical_gaussian_rope_like,V,32,rfft_drop_imag_historical,0.3,5,5,0,17,0,0.294117647059,0,0.275594396767,0.00871239278626,0.15388958535,0.0052421142287,0.174444846941,0.00658652351197,0.84611041465,0.0052421142287,0.839572918404,0.016766389931
historical_gaussian_rope_like,V,32,rfft_drop_imag_historical,0.5,5,8,0,17,0,0.470588235294,0,0.46545462311,0.0112272737098,0.248702973279,0.00388399160342,0.263576762671,0.00523344360469,0.751297026721,0.00388399160342,0.74549413678,0.0148053424914
historical_gaussian_rope_like,V,32,rfft_drop_imag_historical,0.7,5,11,0,17,0,0.647058823529,0,0.658803761828,0.00658632260934,0.346160076145,0.00304842552854,0.355199760512,0.00346561790336,0.653839923855,0.00304842552854,0.648739439181,0.00990021329593
historical_gaussian_rope_like,V,32,rfft_drop_imag_historical,0.75,5,12,0,17,0,0.705882352941,0,0.719800652873,0.00805614411729,0.375826344581,0.00343022585359,0.383094548894,0.0040075554017,0.624173655419,0.00343022585359,0.619286246497,0.00835514107228
historical_gaussian_rope_like,V,32,rfft_drop_imag_historical,0.9,5,15,0,17,0,0.882352941176,1.11022302463e-16,0.90455656353,0.00430766299992,0.467783087853,0.00224361975936,0.469539821209,0.00340817497903,0.532216912147,0.00224361975936,0.528067687998,0.00816309545824
historical_gaussian_rope_like,V,32,rfft_parseval,0.1,5,1,0,17,0,0.0588235294118,0,0.0316675729639,0.00189098890149,0.0316675729639,0.00189098890149,0.0316675729639,0.00189098890149,0.968332427036,0.00189098890149,0.960808540517,0.0160232761916
historical_gaussian_rope_like,V,32,rfft_parseval,0.25,5,4,0,17,0,0.235294117647,0,0.214217139308,0.00491508684118,0.214217139308,0.00491508684118,0.214217139308,0.00491508684118,0.785782860692,0.00491508684118,0.779720684844,0.0160510023257
historical_gaussian_rope_like,V,32,rfft_parseval,0.3,5,5,0,17,0,0.294117647059,0,0.275594396767,0.00871239278626,0.275594396767,0.00871239278626,0.275594396767,0.00871239278626,0.724405603233,0.00871239278626,0.718873578187,0.0188162559613
historical_gaussian_rope_like,V,32,rfft_parseval,0.5,5,8,0,17,0,0.470588235294,0,0.46545462311,0.0112272737098,0.46545462311,0.0112272737098,0.46545462311,0.0112272737098,0.53454537689,0.0112272737098,0.530528389986,0.0185698408254
historical_gaussian_rope_like,V,32,rfft_parseval,0.7,5,11,0,17,0,0.647058823529,0,0.658803761828,0.00658632260934,0.658803761828,0.00658632260934,0.658803761828,0.00658632260934,0.341196238172,0.00658632260934,0.338622120048,0.0112401891735
historical_gaussian_rope_like,V,32,rfft_parseval,0.75,5,12,0,17,0,0.705882352941,0,0.719800652873,0.00805614411729,0.719800652873,0.00805614411729,0.719800652873,0.00805614411729,0.280199347127,0.00805614411729,0.278053159387,0.0101024299272
historical_gaussian_rope_like,V,32,rfft_parseval,0.9,5,15,0,17,0,0.882352941176,1.11022302463e-16,0.90455656353,0.00430766299992,0.90455656353,0.00430766299992,0.90455656353,0.00430766299992,0.09544343647,0.00430766299992,0.0947098500742,0.00470565109308
historical_gaussian_rope_like,V,64,dct_ii_ortho,0.1,5,6,0,64,0,0.09375,0,0.0892369412567,0.00130894732825,0.0892369412567,0.00130894732825,0.0892369412567,0.00130894732825,0.910763058743,0.00130894732825,0.902892114959,0.00938942523258
historical_gaussian_rope_like,V,64,dct_ii_ortho,0.25,5,16,0,64,0,0.25,0,0.247619240086,0.00246682718723,0.247619240086,0.00246682718723,0.247619240086,0.00246682718723,0.752380759914,0.00246682718723,0.745878839494,0.00808990327723
historical_gaussian_rope_like,V,64,dct_ii_ortho,0.3,5,19,0,64,0,0.296875,0,0.296645710578,0.00322017583003,0.296645710578,0.00322017583003,0.296645710578,0.00322017583003,0.703354289422,0.00322017583003,0.69725914036,0.00623446379013
historical_gaussian_rope_like,V,64,dct_ii_ortho,0.5,5,32,0,64,0,0.5,0,0.501034733914,0.00361048618171,0.501034733914,0.00361048618171,0.501034733914,0.00361048618171,0.498965266086,0.00361048618171,0.494629321128,0.00392893137505
historical_gaussian_rope_like,V,64,dct_ii_ortho,0.7,5,44,0,64,0,0.6875,0,0.688205939175,0.00660991632155,0.688205939175,0.00660991632155,0.688205939175,0.00660991632155,0.311794060825,0.00660991632155,0.309117469079,0.00797366668829
historical_gaussian_rope_like,V,64,dct_ii_ortho,0.75,5,48,0,64,0,0.75,0,0.750505822527,0.00604019373801,0.750505822527,0.00604019373801,0.750505822527,0.00604019373801,0.249494177473,0.00604019373801,0.247367061433,0.00747124674568
historical_gaussian_rope_like,V,64,dct_ii_ortho,0.9,5,57,0,64,0,0.890625,0,0.890569388226,0.00254899097171,0.890569388226,0.00254899097171,0.890569388226,0.00254899097171,0.109430611774,0.00254899097171,0.108492062657,0.00303153991889
historical_gaussian_rope_like,V,64,rfft_drop_imag_historical,0.1,5,3,0,33,0,0.0909090909091,0,0.0739327302919,0.00148970924986,0.0448764930575,0.00134428310503,0.0580007026137,0.00147077405882,0.955123506942,0.00134428310503,0.946858819475,0.00879546623363
historical_gaussian_rope_like,V,64,rfft_drop_imag_historical,0.25,5,8,0,33,0,0.242424242424,0,0.231795287792,0.00236433757152,0.123884355903,0.00253523221634,0.134714682644,0.00191675618749,0.876115644097,0.00253523221634,0.868552452124,0.0100390915781
historical_gaussian_rope_like,V,64,rfft_drop_imag_historical,0.3,5,9,0,33,0,0.272727272727,0,0.265273129828,0.00349465657241,0.141207928475,0.00323487498698,0.151534679442,0.00254360218171,0.858792071525,0.00323487498698,0.851370754742,0.00939187998402
historical_gaussian_rope_like,V,64,rfft_drop_imag_historical,0.5,5,16,0,33,0,0.484848484848,0,0.484270894874,0.00328272678366,0.249888751674,0.00509178311708,0.257055630704,0.00489530777092,0.750111248326,0.00509178311708,0.743602729193,0.00679021049525
historical_gaussian_rope_like,V,64,rfft_drop_imag_historical,0.7,5,23,0,33,0,0.69696969697,0,0.703682459857,0.00527576569026,0.360702672134,0.00657830255735,0.364643715093,0.00610795253414,0.639297327866,0.00657830255735,0.633743457647,0.00700131942518
historical_gaussian_rope_like,V,64,rfft_drop_imag_historical,0.75,5,24,0,33,0,0.727272727273,0,0.73377650526,0.00568264003108,0.375605298863,0.00613172483544,0.379113422817,0.00562933392876,0.624394701137,0.00613172483544,0.618977132821,0.00717757461196
historical_gaussian_rope_like,V,64,rfft_drop_imag_historical,0.9,5,29,0,33,0,0.878787878788,1.11022302463e-16,0.890699628387,0.00325354443915,0.454062750813,0.00638210257142,0.455288773665,0.00634094920144,0.545937249187,0.00638210257142,0.541169424461,0.00418901840995
historical_gaussian_rope_like,V,64,rfft_parseval,0.1,5,3,0,33,0,0.0909090909091,0,0.0739327302919,0.00148970924986,0.0739327302919,0.00148970924986,0.0739327302919,0.00148970924986,0.926067269708,0.00148970924986,0.918066366705,0.00978818545299
historical_gaussian_rope_like,V,64,rfft_parseval,0.25,5,8,0,33,0,0.242424242424,0,0.231795287792,0.00236433757152,0.231795287792,0.00236433757152,0.231795287792,0.00236433757152,0.768204712208,0.00236433757152,0.761565280296,0.00814676449688
historical_gaussian_rope_like,V,64,rfft_parseval,0.3,5,9,0,33,0,0.272727272727,0,0.265273129828,0.00349465657241,0.265273129828,0.00349465657241,0.265273129828,0.00349465657241,0.734726870172,0.00349465657241,0.728363520182,0.00697433688538
historical_gaussian_rope_like,V,64,rfft_parseval,0.5,5,16,0,33,0,0.484848484848,0,0.484270894874,0.00328272678366,0.484270894874,0.00328272678366,0.484270894874,0.00328272678366,0.515729105126,0.00328272678366,0.511250572276,0.00406617351376
historical_gaussian_rope_like,V,64,rfft_parseval,0.7,5,23,0,33,0,0.69696969697,0,0.703682459857,0.00527576569026,0.703682459857,0.00527576569026,0.703682459857,0.00527576569026,0.296317540143,0.00527576569026,0.293771183585,0.00667832548548
historical_gaussian_rope_like,V,64,rfft_parseval,0.75,5,24,0,33,0,0.727272727273,0,0.73377650526,0.00568264003108,0.73377650526,0.00568264003108,0.73377650526,0.00568264003108,0.26622349474,0.00568264003108,0.263946160494,0.00712394443561
historical_gaussian_rope_like,V,64,rfft_parseval,0.9,5,29,0,33,0,0.878787878788,1.11022302463e-16,0.890699628387,0.00325354443915,0.890699628387,0.00325354443915,0.890699628387,0.00325354443915,0.109300371613,0.00325354443915,0.108359485978,0.00353730723594
smooth_dct_decay_positive_control,K,128,dct_ii_ortho,0.1,5,12,0,128,0,0.09375,0,0.991621174905,0.000547566526415,0.991621174905,0.000547566526415,0.991621174905,0.000547566526415,0.0083788250953,0.000547566526415,0.00019816744357,1.10284986611e-05
smooth_dct_decay_positive_control,K,128,dct_ii_ortho,0.25,5,32,0,128,0,0.25,0,0.999997213781,1.63288846993e-07,0.999997213781,1.63288846943e-07,0.999997213781,1.63288846943e-07,2.78621865769e-06,1.63288846984e-07,6.58446705499e-08,1.88396591608e-09
smooth_dct_decay_positive_control,K,128,dct_ii_ortho,0.3,5,38,0,128,0,0.296875,0,0.999999761463,7.91665924463e-09,0.999999761463,7.91665916444e-09,0.999999761463,7.91665916444e-09,2.38536979148e-07,7.91665924009e-09,5.64269106168e-09,1.15221874946e-10
smooth_dct_decay_positive_control,K,128,dct_ii_ortho,0.5,5,64,0,128,0,0.5,0,0.999999999993,4.32561144857e-13,0.999999999993,4.32558560327e-13,0.999999999993,4.32558560327e-13,7.35797870088e-12,4.32650086847e-13,1.73903026869e-13,5.49578478164e-15
smooth_dct_decay_positive_control,K,128,dct_ii_ortho,0.7,5,89,0,128,0,0.6953125,0,1,7.02166693715e-17,1,7.02166693715e-17,1,7.02166693715e-17,3.46514518126e-16,1.67935234738e-17,8.19348154047e-18,2.40745273576e-19
smooth_dct_decay_positive_control,K,128,dct_ii_ortho,0.75,5,96,0,128,0,0.75,0,1,0,1,1.11022302463e-16,1,1.11022302463e-16,2.09700164702e-17,1.05858188581e-18,4.95754587261e-19,1.24350146151e-20
smooth_dct_decay_positive_control,K,128,dct_ii_ortho,0.9,5,115,0,128,0,0.8984375,0,1,0,1,1.11022302463e-16,1,1.11022302463e-16,1.02706298896e-20,5.64160820686e-22,2.42808247641e-22,8.17541108619e-24
smooth_dct_decay_positive_control,K,128,rfft_drop_imag_historical,0.1,5,6,0,65,0,0.0923076923077,0,0.956183440179,0.00210669298662,0.588935896495,0.0143162497955,0.691964014506,0.0135761354601,0.411064103505,0.0143162497955,0.00972380032698,0.000228669642272
smooth_dct_decay_positive_control,K,128,rfft_drop_imag_historical,0.25,5,16,0,65,0,0.246153846154,0,0.989357377273,0.000734430433842,0.595192819481,0.0141696011905,0.696649420958,0.0134701515452,0.404807180519,0.0141696011905,0.00957581380461,0.00022878525391
smooth_dct_decay_positive_control,K,128,rfft_drop_imag_historical,0.3,5,19,0,65,0,0.292307692308,0,0.991307804603,0.000598190249495,0.595512285773,0.0141611235945,0.696888912076,0.0134583800518,0.404487714227,0.0141611235945,0.00956824960373,0.000228397586986
smooth_dct_decay_positive_control,K,128,rfft_drop_imag_historical,0.5,5,32,0,65,0,0.492307692308,0,0.995670953798,0.000297483561126,0.596870518722,0.014127677276,0.697907069833,0.0134110004814,0.403129481278,0.014127677276,0.00953608726577,0.000226735472256
smooth_dct_decay_positive_control,K,128,rfft_drop_imag_historical,0.7,5,45,0,65,0,0.692307692308,0,0.997810601292,0.000150393057905,0.598219700907,0.0140942874075,0.698918441161,0.013363895031,0.401780299093,0.0140942874075,0.00950413955636,0.000225086994149
smooth_dct_decay_positive_control,K,128,rfft_drop_imag_historical,0.75,5,48,0,65,0,0.738461538462,0,0.998191301243,0.000124236872141,0.598530598288,0.0140866558759,0.699151495313,0.0133530821689,0.401469401712,0.0140866558759,0.00949677772156,0.000224708808668
smooth_dct_decay_positive_control,K,128,rfft_drop_imag_historical,0.9,5,58,0,65,0,0.892307692308,0,0.999321233092,4.66197938854e-05,0.599566372277,0.0140614205405,0.699927929559,0.0133171792533,0.400433627723,0.0140614205405,0.00947225131233,0.000223454004126
smooth_dct_decay_positive_control,K,128,rfft_parseval,0.1,5,6,0,65,0,0.0923076923077,0,0.956183440179,0.00210669298662,0.956183440179,0.00210669298662,0.956183440179,0.00210669298662,0.0438165598209,0.00210669298662,0.0010372879447,5.73615638603e-05
smooth_dct_decay_positive_control,K,128,rfft_parseval,0.25,5,16,0,65,0,0.246153846154,0,0.989357377273,0.000734430433842,0.989357377273,0.000734430433842,0.989357377273,0.000734430433842,0.0106426227267,0.000734430433842,0.000252010302806,1.93212327749e-05
smooth_dct_decay_positive_control,K,128,rfft_parseval,0.3,5,19,0,65,0,0.292307692308,0,0.991307804603,0.000598190249495,0.991307804603,0.000598190249494,0.991307804603,0.000598190249494,0.00869219539723,0.000598190249495,0.000205825251004,1.57405719537e-05
smooth_dct_decay_positive_control,K,128,rfft_parseval,0.5,5,32,0,65,0,0.492307692308,0,0.995670953798,0.000297483561126,0.995670953798,0.000297483561126,0.995670953798,0.000297483561126,0.00432904620247,0.000297483561126,0.000102508830818,7.82957004644e-06
smooth_dct_decay_positive_control,K,128,rfft_parseval,0.7,5,45,0,65,0,0.692307692308,0,0.997810601292,0.000150393057905,0.997810601292,0.000150393057905,0.997810601292,0.000150393057905,0.00218939870816,0.000150393057905,5.18434419934e-05,3.95839693089e-06
smooth_dct_decay_positive_control,K,128,rfft_parseval,0.75,5,48,0,65,0,0.738461538462,0,0.998191301243,0.000124236872141,0.998191301243,0.000124236872141,0.998191301243,0.000124236872141,0.00180869875708,0.000124236872141,4.28287306533e-05,3.26997437777e-06
smooth_dct_decay_positive_control,K,128,rfft_parseval,0.9,5,58,0,65,0,0.892307692308,0,0.999321233092,4.66197938854e-05,0.999321233092,4.66197938854e-05,0.999321233092,4.66197938854e-05,0.000678766907639,4.66197938854e-05,1.60727285955e-05,1.22706780276e-06
smooth_dct_decay_positive_control,K,32,dct_ii_ortho,0.1,5,3,0,32,0,0.09375,0,0.697060330723,0.0125885108174,0.697060330723,0.0125885108174,0.697060330723,0.0125885108174,0.302939669277,0.0125885108174,0.0282623911522,0.00113828132212
smooth_dct_decay_positive_control,K,32,dct_ii_ortho,0.25,5,8,0,32,0,0.25,0,0.958251125193,0.00175416153736,0.958251125193,0.00175416153736,0.958251125193,0.00175416153736,0.041748874807,0.00175416153736,0.00389269791275,9.36676483681e-05
smooth_dct_decay_positive_control,K,32,dct_ii_ortho,0.3,5,9,0,32,0,0.28125,0,0.972454238748,0.000866888029106,0.972454238748,0.000866888029106,0.972454238748,0.000866888029106,0.0275457612519,0.000866888029106,0.00257046760889,9.93232733888e-05
smooth_dct_decay_positive_control,K,32,dct_ii_ortho,0.5,5,16,0,32,0,0.5,0,0.998245973907,9.62911729045e-05,0.998245973907,9.62911729045e-05,0.998245973907,9.62911729045e-05,0.00175402609255,9.62911729045e-05,0.000163439509299,4.02491342894e-06
smooth_dct_decay_positive_control,K,32,dct_ii_ortho,0.7,5,22,0,32,0,0.6875,0,0.999851356145,1.16509088588e-05,0.999851356145,1.16509088589e-05,0.999851356145,1.16509088589e-05,0.000148643855422,1.16509088589e-05,1.38394302846e-05,5.937130101e-07
smooth_dct_decay_positive_control,K,32,dct_ii_ortho,0.75,5,24,0,32,0,0.75,0,0.999934439962,3.48234640832e-06,0.999934439962,3.48234640836e-06,0.999934439962,3.48234640836e-06,6.55600384904e-05,3.48234640838e-06,6.10970865912e-06,1.48835798431e-07
smooth_dct_decay_positive_control,K,32,dct_ii_ortho,0.9,5,28,0,32,0,0.875,0,0.999988889729,1.36391784865e-07,0.999988889729,1.36391784778e-07,0.999988889729,1.36391784778e-07,1.11102713608e-05,1.36391784793e-07,1.03729328063e-06,4.12926567381e-08
smooth_dct_decay_positive_control,K,32,rfft_drop_imag_historical,0.1,5,1,0,17,0,0.0588235294118,0,0.328699645729,0.0235133151692,0.328699645729,0.0235133151692,0.494000002434,0.0263585816904,0.671300354271,0.0235133151692,0.0626153558838,0.00177642743601
smooth_dct_decay_positive_control,K,32,rfft_drop_imag_historical,0.25,5,4,0,17,0,0.235294117647,0,0.900838846522,0.00461455474531,0.572184304765,0.00905383996299,0.677399468468,0.0120564130471,0.427815695235,0.00905383996299,0.039918151886,0.00105040961635
smooth_dct_decay_positive_control,K,32,rfft_drop_imag_historical,0.3,5,5,0,17,0,0.294117647059,0,0.939758218722,0.00194736829954,0.587548135165,0.00863793429925,0.688960190423,0.0116396183349,0.412451864835,0.00863793429925,0.0384874083137,0.00110807896762
smooth_dct_decay_positive_control,K,32,rfft_drop_imag_historical,0.5,5,8,0,17,0,0.470588235294,0,0.978966759449,0.00104235406576,0.603279846406,0.00828900086452,0.700804387695,0.0110866799733,0.396720153594,0.00828900086452,0.0370203910821,0.00109715699167
smooth_dct_decay_positive_control,K,32,rfft_drop_imag_historical,0.7,5,11,0,17,0,0.647058823529,0,0.989786095601,0.000476105447163,0.609490952503,0.00823865439118,0.705478394568,0.0109638377516,0.390509047497,0.00823865439118,0.0364410964789,0.00109549880221
smooth_dct_decay_positive_control,K,32,rfft_drop_imag_historical,0.75,5,12,0,17,0,0.705882352941,0,0.992042505477,0.000362467522467,0.611209913104,0.00819147118794,0.706772263899,0.0109073607903,0.388790086896,0.00819147118794,0.0362808772179,0.00109620733998
smooth_dct_decay_positive_control,K,32,rfft_drop_imag_historical,0.9,5,15,0,17,0,0.882352941176,1.11022302463e-16,0.997535251262,0.000117179561803,0.616176968312,0.00810064964429,0.710510328077,0.0107809284398,0.383823031688,0.00810064964429,0.0358177751033,0.00109665540412
smooth_dct_decay_positive_control,K,32,rfft_parseval,0.1,5,1,0,17,0,0.0588235294118,0,0.328699645729,0.0235133151692,0.328699645729,0.0235133151692,0.328699645729,0.0235133151692,0.671300354271,0.0235133151692,0.0626153558838,0.00177642743601
smooth_dct_decay_positive_control,K,32,rfft_parseval,0.25,5,4,0,17,0,0.235294117647,0,0.900838846522,0.00461455474531,0.900838846522,0.00461455474531,0.900838846522,0.00461455474531,0.0991611534782,0.00461455474531,0.0092439339415,0.000228603253844
smooth_dct_decay_positive_control,K,32,rfft_parseval,0.3,5,5,0,17,0,0.294117647059,0,0.939758218722,0.00194736829954,0.939758218722,0.00194736829954,0.939758218722,0.00194736829954,0.0602417812776,0.00194736829954,0.00561841394494,0.000111289888984
smooth_dct_decay_positive_control,K,32,rfft_parseval,0.5,5,8,0,17,0,0.470588235294,0,0.978966759449,0.00104235406576,0.978966759449,0.00104235406576,0.978966759449,0.00104235406576,0.0210332405515,0.00104235406576,0.00196066190365,5.54097912178e-05
smooth_dct_decay_positive_control,K,32,rfft_parseval,0.7,5,11,0,17,0,0.647058823529,0,0.989786095601,0.000476105447163,0.989786095601,0.000476105447163,0.989786095601,0.000476105447163,0.0102139043991,0.000476105447163,0.000952173397997,2.4305743709e-05
smooth_dct_decay_positive_control,K,32,rfft_parseval,0.75,5,12,0,17,0,0.705882352941,0,0.992042505477,0.000362467522467,0.992042505477,0.000362467522467,0.992042505477,0.000362467522467,0.00795749452349,0.000362467522467,0.000741884471087,1.98484315312e-05
smooth_dct_decay_positive_control,K,32,rfft_parseval,0.9,5,15,0,17,0,0.882352941176,1.11022302463e-16,0.997535251262,0.000117179561803,0.997535251262,0.000117179561803,0.997535251262,0.000117179561803,0.00246474873833,0.000117179561803,0.000229764088365,5.98002058476e-06
smooth_dct_decay_positive_control,K,64,dct_ii_ortho,0.1,5,6,0,64,0,0.09375,0,0.905877360438,0.00465184882053,0.905877360438,0.00465184882053,0.905877360438,0.00465184882053,0.0941226395617,0.00465184882053,0.00429224187924,0.000119454496448
smooth_dct_decay_positive_control,K,64,dct_ii_ortho,0.25,5,16,0,64,0,0.25,0,0.998238597483,9.30892870031e-05,0.998238597483,9.30892870031e-05,0.998238597483,9.30892870031e-05,0.00176140251708,9.30892870031e-05,8.03146610481e-05,2.43992255467e-06
smooth_dct_decay_positive_control,K,64,dct_ii_ortho,0.3,5,19,0,64,0,0.296875,0,0.999479805268,2.24017441725e-05,0.999479805268,2.24017441725e-05,0.999479805268,2.24017441725e-05,0.000520194732092,2.24017441725e-05,2.37264234958e-05,5.60592676905e-07
smooth_dct_decay_positive_control,K,64,dct_ii_ortho,0.5,5,32,0,64,0,0.5,0,0.99999704995,1.24643056166e-07,0.99999704995,1.24643056242e-07,0.99999704995,1.24643056242e-07,2.95004972481e-06,1.24643056154e-07,1.34575293064e-07,3.84476380227e-09
smooth_dct_decay_positive_control,K,64,dct_ii_ortho,0.7,5,44,0,64,0,0.6875,0,0.999999976591,6.75301199442e-10,0.999999976591,6.75301154325e-10,0.999999976591,6.75301154325e-10,2.34086138127e-08,6.75301189219e-10,1.06808924685e-09,1.88378966012e-11
smooth_dct_decay_positive_control,K,64,dct_ii_ortho,0.75,5,48,0,64,0,0.75,0,0.999999995146,1.47480127282e-10,0.999999995146,1.4748018097e-10,0.999999995146,1.4748018097e-10,4.85379909025e-09,1.47480153602e-10,2.21459309266e-10,3.92037063765e-12
smooth_dct_decay_positive_control,K,64,dct_ii_ortho,0.9,5,57,0,64,0,0.890625,0,0.999999999883,5.66451144961e-12,0.999999999883,5.66445033427e-12,0.999999999883,5.66445033427e-12,1.17240533155e-10,5.66449103626e-12,5.34752029308e-12,1.76838248335e-13
smooth_dct_decay_positive_control,K,64,rfft_drop_imag_historical,0.1,5,3,0,33,0,0.0909090909091,0,0.819224299766,0.00622925376671,0.545669270527,0.0141470947918,0.658664720694,0.012866670721,0.454330729473,0.0141470947918,0.020742613575,0.000823679081112
smooth_dct_decay_positive_control,K,64,rfft_drop_imag_historical,0.25,5,8,0,33,0,0.242424242424,0,0.975572946897,0.000940987874145,0.603423212853,0.0129998358156,0.702035243757,0.0116500321081,0.396576787147,0.0129998358156,0.0181083670457,0.000797086690833
smooth_dct_decay_positive_control,K,64,rfft_drop_imag_historical,0.3,5,9,0,33,0,0.272727272727,0,0.979746828226,0.000792815426987,0.604429956662,0.0129929739092,0.70279105323,0.0116421288901,0.395570043338,0.0129929739092,0.0180624215031,0.000796423720108
smooth_dct_decay_positive_control,K,64,rfft_drop_imag_historical,0.5,5,16,0,33,0,0.484848484848,0,0.991281698778,0.000417683589836,0.607896144436,0.0129110041601,0.705393627898,0.0115695847501,0.392103855564,0.0129110041601,0.0179042548277,0.000792709563532
smooth_dct_decay_positive_control,K,64,rfft_drop_imag_historical,0.7,5,23,0,33,0,0.69696969697,0,0.995846071819,0.000199449159959,0.61076328022,0.0128105342533,0.707546880078,0.0114770991373,0.38923671978,0.0128105342533,0.017773411337,0.000788327760621
smooth_dct_decay_positive_control,K,64,rfft_drop_imag_historical,0.75,5,24,0,33,0,0.727272727273,0,0.996343281053,0.000175575536186,0.611169545416,0.0127959855382,0.707851991334,0.0114637634551,0.388830454584,0.0127959855382,0.0177548702905,0.000787677920432
smooth_dct_decay_positive_control,K,64,rfft_drop_imag_historical,0.9,5,29,0,33,0,0.878787878788,1.11022302463e-16,0.998569959091,6.87748790855e-05,0.613195977229,0.012723966893,0.709373863561,0.011397798666,0.386804022771,0.012723966893,0.0176623895615,0.00078447788303
smooth_dct_decay_positive_control,K,64,rfft_parseval,0.1,5,3,0,33,0,0.0909090909091,0,0.819224299766,0.00622925376671,0.819224299766,0.00622925376671,0.819224299766,0.00622925376671,0.180775700234,0.00622925376671,0.00824864081106,0.000219039743143
smooth_dct_decay_positive_control,K,64,rfft_parseval,0.25,5,8,0,33,0,0.242424242424,0,0.975572946897,0.000940987874145,0.975572946897,0.000940987874145,0.975572946897,0.000940987874145,0.0244270531026,0.000940987874145,0.00111466653954,3.76196768962e-05
smooth_dct_decay_positive_control,K,64,rfft_parseval,0.3,5,9,0,33,0,0.272727272727,0,0.979746828226,0.000792815426987,0.979746828226,0.000792815426987,0.979746828226,0.000792815426987,0.0202531717737,0.000792815426987,0.000924283593106,3.40638403417e-05
smooth_dct_decay_positive_control,K,64,rfft_parseval,0.5,5,16,0,33,0,0.484848484848,0,0.991281698778,0.000417683589836,0.991281698778,0.000417683589836,0.991281698778,0.000417683589836,0.00871830122203,0.000417683589836,0.000397873641266,1.83290003238e-05
smooth_dct_decay_positive_control,K,64,rfft_parseval,0.7,5,23,0,33,0,0.69696969697,0,0.995846071819,0.000199449159959,0.995846071819,0.000199449159959,0.995846071819,0.000199449159959,0.00415392818093,0.000199449159959,0.000189573962438,8.80839016545e-06
smooth_dct_decay_positive_control,K,64,rfft_parseval,0.75,5,24,0,33,0,0.727272727273,0,0.996343281053,0.000175575536186,0.996343281053,0.000175575536186,0.996343281053,0.000175575536186,0.00365671894703,0.000175575536186,0.000166882514352,7.75037616109e-06
smooth_dct_decay_positive_control,K,64,rfft_parseval,0.9,5,29,0,33,0,0.878787878788,1.11022302463e-16,0.998569959091,6.87748790855e-05,0.998569959091,6.87748790856e-05,0.998569959091,6.87748790856e-05,0.00143004090892,6.87748790856e-05,6.52631213478e-05,3.03653723832e-06
smooth_dct_decay_positive_control,V,128,dct_ii_ortho,0.1,5,12,0,128,0,0.09375,0,0.991667941141,0.00056484801466,0.991667941141,0.00056484801466,0.991667941141,0.00056484801466,0.00833205885919,0.00056484801466,0.000195158251755,8.36469867279e-06
smooth_dct_decay_positive_control,V,128,dct_ii_ortho,0.25,5,32,0,128,0,0.25,0,0.999997244245,1.32988222248e-07,0.999997244245,1.32988222134e-07,0.999997244245,1.32988222134e-07,2.7557553613e-06,1.32988222211e-07,6.45792228614e-08,1.70003151152e-09
smooth_dct_decay_positive_control,V,128,dct_ii_ortho,0.3,5,38,0,128,0,0.296875,0,0.999999735432,1.03706216892e-08,0.999999735432,1.03706215799e-08,0.999999735432,1.03706215799e-08,2.64568144626e-07,1.03706216227e-08,6.20144836742e-09,1.24397892872e-10
smooth_dct_decay_positive_control,V,128,dct_ii_ortho,0.5,5,64,0,128,0,0.5,0,0.999999999992,2.27128198823e-13,0.999999999992,2.27038127486e-13,0.999999999992,2.27038127486e-13,7.74255818809e-12,2.27099500305e-13,1.81585850526e-13,5.18260162759e-15
smooth_dct_decay_positive_control,V,128,dct_ii_ortho,0.7,5,89,0,128,0,0.6953125,0,1,0,1,1.79018083652e-16,1,1.79018083652e-16,3.41539606742e-16,1.90691857462e-17,8.00251650554e-18,2.89078448907e-19
smooth_dct_decay_positive_control,V,128,dct_ii_ortho,0.75,5,96,0,128,0,0.75,0,1,0,1,9.93013661299e-17,1,9.93013661299e-17,2.15128289844e-17,1.8325577308e-18,5.03419704749e-19,2.61992411566e-20
smooth_dct_decay_positive_control,V,128,dct_ii_ortho,0.9,5,115,0,128,0,0.8984375,0,1,0,1,1.79018083652e-16,1,1.79018083652e-16,1.08856614927e-20,5.4969435629e-22,2.5515784548e-22,9.87929375887e-24
smooth_dct_decay_positive_control,V,128,rfft_drop_imag_historical,0.1,5,6,0,65,0,0.0923076923077,0,0.958270842986,0.00148883698116,0.593161855483,0.0153089102437,0.692099119603,0.0127220084357,0.406838144517,0.0153089102437,0.00956017275162,0.00069793450463
smooth_dct_decay_positive_control,V,128,rfft_drop_imag_historical,0.25,5,16,0,65,0,0.246153846154,0,0.989993662014,0.000664810683275,0.599197259257,0.0154762258863,0.696665250646,0.012832245335,0.400802740743,0.0154762258863,0.00941881143708,0.000698943908961
smooth_dct_decay_positive_control,V,128,rfft_drop_imag_historical,0.3,5,19,0,65,0,0.292307692308,0,0.991829197619,0.000544028202763,0.599498115734,0.0154601611548,0.696892917192,0.0128194681766,0.400501884266,0.0154601611548,0.00941173325233,0.000698254447434
smooth_dct_decay_positive_control,V,128,rfft_drop_imag_historical,0.5,5,32,0,65,0,0.492307692308,0,0.995931524031,0.000272557984393,0.600775338203,0.0153935023121,0.697859386367,0.0127672170533,0.399224661797,0.0153935023121,0.00938168055431,0.000695301153695
smooth_dct_decay_positive_control,V,128,rfft_drop_imag_historical,0.7,5,45,0,65,0,0.692307692308,0,0.99794245948,0.000137977197806,0.602043352184,0.0153271829405,0.6988188835,0.0127153405012,0.397956647816,0.0153271829405,0.00935184380395,0.000692357596724
smooth_dct_decay_positive_control,V,128,rfft_drop_imag_historical,0.75,5,48,0,65,0,0.738461538462,0,0.998300238169,0.000113996881087,0.602335530975,0.0153119235179,0.699039972944,0.0127034064032,0.397664469025,0.0153119235179,0.00934496872107,0.000691679154256
smooth_dct_decay_positive_control,V,128,rfft_drop_imag_historical,0.9,5,58,0,65,0,0.892307692308,0,0.999362119436,4.27886398563e-05,0.603308924822,0.0152611534355,0.699776532385,0.0126637000552,0.396691075178,0.0152611534355,0.00932206434408,0.000689419060741
smooth_dct_decay_positive_control,V,128,rfft_parseval,0.1,5,6,0,65,0,0.0923076923077,0,0.958270842986,0.00148883698116,0.958270842986,0.00148883698116,0.958270842986,0.00148883698116,0.0417291570143,0.00148883698116,0.000980594372223,7.01754667558e-05
smooth_dct_decay_positive_control,V,128,rfft_parseval,0.25,5,16,0,65,0,0.246153846154,0,0.989993662014,0.000664810683275,0.989993662014,0.000664810683275,0.989993662014,0.000664810683275,0.0100063379855,0.000664810683275,0.000235446987581,2.45537008839e-05
smooth_dct_decay_positive_control,V,128,rfft_parseval,0.3,5,19,0,65,0,0.292307692308,0,0.991829197619,0.000544028202763,0.991829197619,0.000544028202764,0.991829197619,0.000544028202764,0.00817080238063,0.000544028202764,0.000192258379737,2.00748418344e-05
smooth_dct_decay_positive_control,V,128,rfft_parseval,0.5,5,32,0,65,0,0.492307692308,0,0.995931524031,0.000272557984393,0.995931524031,0.000272557984393,0.995931524031,0.000272557984393,0.00406847596936,0.000272557984393,9.57327126857e-05,1.00354352406e-05
smooth_dct_decay_positive_control,V,128,rfft_parseval,0.7,5,45,0,65,0,0.692307692308,0,0.99794245948,0.000137977197806,0.99794245948,0.000137977197806,0.99794245948,0.000137977197806,0.00205754052005,0.000137977197806,4.84148161887e-05,5.07839049419e-06
smooth_dct_decay_positive_control,V,128,rfft_parseval,0.75,5,48,0,65,0,0.738461538462,0,0.998300238169,0.000113996881087,0.998300238169,0.000113996881087,0.998300238169,0.000113996881087,0.00169976183084,0.000113996881087,3.99961416937e-05,4.19560591536e-06
smooth_dct_decay_positive_control,V,128,rfft_parseval,0.9,5,58,0,65,0,0.892307692308,0,0.999362119436,4.27886398563e-05,0.999362119436,4.27886398564e-05,0.999362119436,4.27886398564e-05,0.000637880564393,4.27886398564e-05,1.50096181009e-05,1.57470393492e-06
smooth_dct_decay_positive_control,V,32,dct_ii_ortho,0.1,5,3,0,32,0,0.09375,0,0.701654831628,0.00795324092446,0.701654831628,0.00795324092446,0.701654831628,0.00795324092446,0.298345168372,0.00795324092446,0.0284736542235,0.000858312454448
smooth_dct_decay_positive_control,V,32,dct_ii_ortho,0.25,5,8,0,32,0,0.25,0,0.959677117823,0.0011659398875,0.959677117823,0.0011659398875,0.959677117823,0.0011659398875,0.0403228821766,0.0011659398875,0.00384755267938,9.48009145115e-05
smooth_dct_decay_positive_control,V,32,dct_ii_ortho,0.3,5,9,0,32,0,0.28125,0,0.972946206429,0.000964495044832,0.972946206429,0.000964495044832,0.972946206429,0.000964495044832,0.0270537935714,0.000964495044832,0.00258124546728,7.74695681979e-05
smooth_dct_decay_positive_control,V,32,dct_ii_ortho,0.5,5,16,0,32,0,0.5,0,0.998350946524,4.92798088065e-05,0.998350946524,4.92798088065e-05,0.998350946524,4.92798088065e-05,0.00164905347595,4.92798088065e-05,0.000157353514601,4.14140172482e-06
smooth_dct_decay_positive_control,V,32,dct_ii_ortho,0.7,5,22,0,32,0,0.6875,0,0.999858177036,5.10981827986e-06,0.999858177036,5.1098182799e-06,0.999858177036,5.1098182799e-06,0.000141822963618,5.10981827985e-06,1.3534008522e-05,4.82450860206e-07
smooth_dct_decay_positive_control,V,32,dct_ii_ortho,0.75,5,24,0,32,0,0.75,0,0.999938020454,2.32927533975e-06,0.999938020454,2.32927533968e-06,0.999938020454,2.32927533968e-06,6.19795458856e-05,2.32927533975e-06,5.91316737568e-06,1.78747568735e-07
smooth_dct_decay_positive_control,V,32,dct_ii_ortho,0.9,5,28,0,32,0,0.875,0,0.999989108523,6.90020007572e-07,0.999989108523,6.90020007619e-07,0.999989108523,6.90020007619e-07,1.08914768186e-05,6.90020007599e-07,1.03886307646e-06,5.75837206779e-08
smooth_dct_decay_positive_control,V,32,rfft_drop_imag_historical,0.1,5,1,0,17,0,0.0588235294118,0,0.328887931362,0.0249962717405,0.328887931362,0.0249962717405,0.494162045497,0.0283527900413,0.671112068638,0.0249962717405,0.0640494280142,0.00252838770952
smooth_dct_decay_positive_control,V,32,rfft_drop_imag_historical,0.25,5,4,0,17,0,0.235294117647,0,0.904761215942,0.00188302295383,0.579518577207,0.0221675189808,0.68282914265,0.021654528501,0.420481422793,0.0221675189808,0.0401225587478,0.00202783144325
smooth_dct_decay_positive_control,V,32,rfft_drop_imag_historical,0.3,5,5,0,17,0,0.294117647059,0,0.942132217044,0.00143148864424,0.594035871484,0.0222489514046,0.69374807599,0.0215643465298,0.405964128516,0.0222489514046,0.038736874293,0.00203255829565
smooth_dct_decay_positive_control,V,32,rfft_drop_imag_historical,0.5,5,8,0,17,0,0.470588235294,0,0.980063935655,0.000901409598131,0.609795112864,0.022821731156,0.705597512557,0.0217940012209,0.390204887136,0.022821731156,0.0372326600416,0.00208606579393
smooth_dct_decay_positive_control,V,32,rfft_drop_imag_historical,0.7,5,11,0,17,0,0.647058823529,0,0.990312862043,0.000542051144753,0.615560776346,0.0226759523142,0.709936281046,0.0216236192223,0.384439223654,0.0226759523142,0.0366822890263,0.00207009720475
smooth_dct_decay_positive_control,V,32,rfft_drop_imag_historical,0.75,5,12,0,17,0,0.705882352941,0,0.992457292978,0.000426097696815,0.617205502616,0.0225997650455,0.711174534636,0.021546450041,0.382794497384,0.0225997650455,0.0365253094219,0.00206250517105
smooth_dct_decay_positive_control,V,32,rfft_drop_imag_historical,0.9,5,15,0,17,0,0.882352941176,1.11022302463e-16,0.997665037785,0.000136969513862,0.621909144231,0.0223983468461,0.714716368925,0.0213272099099,0.378090855769,0.0223983468461,0.0360763118824,0.00204126551681
smooth_dct_decay_positive_control,V,32,rfft_parseval,0.1,5,1,0,17,0,0.0588235294118,0,0.328887931362,0.0249962717405,0.328887931362,0.0249962717405,0.328887931362,0.0249962717405,0.671112068638,0.0249962717405,0.0640494280142,0.00252838770952
smooth_dct_decay_positive_control,V,32,rfft_parseval,0.25,5,4,0,17,0,0.235294117647,0,0.904761215942,0.00188302295383,0.904761215942,0.00188302295383,0.904761215942,0.00188302295383,0.0952387840583,0.00188302295383,0.00908911510418,0.000203359001216
smooth_dct_decay_positive_control,V,32,rfft_parseval,0.3,5,5,0,17,0,0.294117647059,0,0.942132217044,0.00143148864424,0.942132217044,0.00143148864424,0.942132217044,0.00143148864424,0.0578677829555,0.00143148864424,0.00552293441163,0.000159839915916
smooth_dct_decay_positive_control,V,32,rfft_parseval,0.5,5,8,0,17,0,0.470588235294,0,0.980063935655,0.000901409598131,0.980063935655,0.000901409598131,0.980063935655,0.000901409598131,0.0199360643447,0.000901409598131,0.00190309606876,9.86908488383e-05
smooth_dct_decay_positive_control,V,32,rfft_parseval,0.7,5,11,0,17,0,0.647058823529,0,0.990312862043,0.000542051144753,0.990312862043,0.000542051144753,0.990312862043,0.000542051144753,0.00968713795745,0.000542051144753,0.00092467420767,5.56881702119e-05
smooth_dct_decay_positive_control,V,32,rfft_parseval,0.75,5,12,0,17,0,0.705882352941,0,0.992457292978,0.000426097696815,0.992457292978,0.000426097696815,0.992457292978,0.000426097696815,0.00754270702151,0.000426097696815,0.000719996326144,4.40150102459e-05
smooth_dct_decay_positive_control,V,32,rfft_parseval,0.9,5,15,0,17,0,0.882352941176,1.11022302463e-16,0.997665037785,0.000136969513862,0.997665037785,0.000136969513862,0.997665037785,0.000136969513862,0.00233496221455,0.000136969513861,0.000222885928059,1.4060980852e-05
smooth_dct_decay_positive_control,V,64,dct_ii_ortho,0.1,5,6,0,64,0,0.09375,0,0.908855275402,0.00463862276144,0.908855275402,0.00463862276144,0.908855275402,0.00463862276144,0.0911447245982,0.00463862276144,0.00430994509967,0.000216119483072
smooth_dct_decay_positive_control,V,64,dct_ii_ortho,0.25,5,16,0,64,0,0.25,0,0.998288834447,0.000118255369166,0.998288834447,0.000118255369166,0.998288834447,0.000118255369166,0.00171116555259,0.000118255369166,8.07608744733e-05,1.86492972391e-06
smooth_dct_decay_positive_control,V,64,dct_ii_ortho,0.3,5,19,0,64,0,0.296875,0,0.999486330924,2.21799302809e-05,0.999486330924,2.2179930281e-05,0.999486330924,2.2179930281e-05,0.000513669075996,2.21799302809e-05,2.42700896656e-05,1.62345741841e-07
smooth_dct_decay_positive_control,V,64,dct_ii_ortho,0.5,5,32,0,64,0,0.5,0,0.999997302103,2.6126506696e-07,0.999997302103,2.61265066866e-07,0.999997302103,2.61265066866e-07,2.69789662757e-06,2.61265066905e-07,1.27201172073e-07,7.02800543319e-09
smooth_dct_decay_positive_control,V,64,dct_ii_ortho,0.7,5,44,0,64,0,0.6875,0,0.999999977822,1.6033349969e-09,0.999999977822,1.60333492475e-09,0.999999977822,1.60333492475e-09,2.21782042778e-08,1.60333497371e-09,1.04681414291e-09,3.72736838502e-11
smooth_dct_decay_positive_control,V,64,dct_ii_ortho,0.75,5,48,0,64,0,0.75,0,0.999999995456,3.38325075516e-10,0.999999995456,3.38325091332e-10,0.999999995456,3.38325091332e-10,4.54394324375e-09,3.38325086703e-10,2.1446894382e-10,8.30370717681e-12
smooth_dct_decay_positive_control,V,64,dct_ii_ortho,0.9,5,57,0,64,0,0.890625,0,0.999999999885,5.06383863462e-12,0.999999999885,5.0637689292e-12,0.999999999885,5.0637689292e-12,1.14790555452e-10,5.06381144759e-12,5.42807092922e-12,2.30931538671e-13
smooth_dct_decay_positive_control,V,64,rfft_drop_imag_historical,0.1,5,3,0,33,0,0.0909090909091,0,0.81842377552,0.0121147725593,0.547108461349,0.0161687315447,0.663125125486,0.0163564209997,0.452891538651,0.0161687315447,0.0214068954191,0.000347769581382
smooth_dct_decay_positive_control,V,64,rfft_drop_imag_historical,0.25,5,8,0,33,0,0.242424242424,0,0.975482062983,0.00190688792986,0.603339367787,0.0154890694666,0.704915400023,0.0153766485548,0.396660632213,0.0154890694666,0.018746877308,0.000322616923424
smooth_dct_decay_positive_control,V,64,rfft_drop_imag_historical,0.3,5,9,0,33,0,0.272727272727,0,0.979745665427,0.00150756208574,0.604397000376,0.0153417229311,0.705702906758,0.0152526786539,0.395602999624,0.0153417229311,0.01869713688,0.000325178353306
smooth_dct_decay_positive_control,V,64,rfft_drop_imag_historical,0.5,5,16,0,33,0,0.484848484848,0,0.991214708613,0.00069731835698,0.607865365155,0.0151754395561,0.708282234068,0.0150890102083,0.392134634845,0.0151754395561,0.0185333374519,0.000326814739011
smooth_dct_decay_positive_control,V,64,rfft_drop_imag_historical,0.7,5,23,0,33,0,0.69696969697,0,0.995811983381,0.0003383262559,0.610752373907,0.0150130640484,0.710429487551,0.0149337177897,0.389247626093,0.0150130640484,0.0183970559126,0.000329292368732
smooth_dct_decay_positive_control,V,64,rfft_drop_imag_historical,0.75,5,24,0,33,0,0.727272727273,0,0.996313030695,0.000297892962469,0.611161824949,0.0149894409543,0.710734029674,0.0149112040853,0.388838175051,0.0149894409543,0.0183777295668,0.000329684183682
smooth_dct_decay_positive_control,V,64,rfft_drop_imag_historical,0.9,5,29,0,33,0,0.878787878788,1.11022302463e-16,0.99855804471,0.000116706727941,0.613204902597,0.0148721070699,0.71225363146,0.0147991902023,0.386795097403,0.0148721070699,0.0182812949552,0.00033166848777
smooth_dct_decay_positive_control,V,64,rfft_parseval,0.1,5,3,0,33,0,0.0909090909091,0,0.81842377552,0.0121147725593,0.81842377552,0.0121147725593,0.81842377552,0.0121147725593,0.18157622448,0.0121147725593,0.00857461855524,0.00032798750006
smooth_dct_decay_positive_control,V,64,rfft_parseval,0.25,5,8,0,33,0,0.242424242424,0,0.975482062983,0.00190688792986,0.975482062983,0.00190688792986,0.975482062983,0.00190688792986,0.0245179370168,0.00190688792986,0.001157452013,5.52842695252e-05
smooth_dct_decay_positive_control,V,64,rfft_parseval,0.3,5,9,0,33,0,0.272727272727,0,0.979745665427,0.00150756208574,0.979745665427,0.00150756208574,0.979745665427,0.00150756208574,0.0202543345732,0.00150756208574,0.000956248708392,4.22168718878e-05
smooth_dct_decay_positive_control,V,64,rfft_parseval,0.5,5,16,0,33,0,0.484848484848,0,0.991214708613,0.00069731835698,0.991214708613,0.00069731835698,0.991214708613,0.00069731835698,0.0087852913872,0.00069731835698,0.000414697356289,1.98675919965e-05
smooth_dct_decay_positive_control,V,64,rfft_parseval,0.7,5,23,0,33,0,0.69696969697,0,0.995811983381,0.0003383262559,0.995811983381,0.0003383262559,0.995811983381,0.0003383262559,0.0041880166187,0.0003383262559,0.000197676401993,9.62262429777e-06
smooth_dct_decay_positive_control,V,64,rfft_parseval,0.75,5,24,0,33,0,0.727272727273,0,0.996313030695,0.000297892962469,0.996313030695,0.000297892962469,0.996313030695,0.000297892962469,0.00368696930477,0.000297892962469,0.000174026527117,8.47013904404e-06
smooth_dct_decay_positive_control,V,64,rfft_parseval,0.9,5,29,0,33,0,0.878787878788,1.11022302463e-16,0.99855804471,0.000116706727941,0.99855804471,0.000116706727941,0.99855804471,0.000116706727941,0.00144195528962,0.000116706727941,6.80604234145e-05,3.31703869914e-06
